{
    "loss": 1.677139401435852,
    "accuracy": 0.699999988079071
}